{"1": 0.8153126239776611, "0": 0.8022921085357666, "2": 0.8008159399032593}