{"0": 0.6286399960517883, "1": 0.6447200179100037}